Index_Set,Index_Plate_Well,I7_Index_ID,index,I5_Index_ID,index2
A,A01,UDP0001,GAACTGAGCG,UDP0001,TCGTGGAGCG
A,B01,UDP0002,AGGTCAGATA,UDP0002,CTACAAGATA
A,C01,UDP0003,CGTCTCATAT,UDP0003,TATAGTAGCT
A,D01,UDP0004,ATTCCATAAG,UDP0004,TGCCTGGTGG
A,E01,UDP0005,GACGAGATTA,UDP0005,ACATTATCCT
A,F01,UDP0006,AACATCGCGC,UDP0006,GTCCACTTGT
A,G01,UDP0007,CTAGTGCTCT,UDP0007,TGGAACAGTA
A,H01,UDP0008,GATCAAGGCA,UDP0008,CCTTGTTAAT
A,A02,UDP0009,GACTGAGTAG,UDP0009,GTTGATAGTG
A,B02,UDP0010,AGTCAGACGA,UDP0010,ACCAGCGACA
A,C02,UDP0011,CCGTATGTTC,UDP0011,CATACACTGT
A,D02,UDP0012,GAGTCATAGG,UDP0012,GTGTGGCGCT
A,E02,UDP0013,CTTGCCATTA,UDP0013,ATCACGAAGG
A,F02,UDP0014,GAAGCGGCAC,UDP0014,CGGCTCTACT
A,G02,UDP0015,TCCATTGCCG,UDP0015,GAATGCACGA
A,H02,UDP0016,CGGTTACGGC,UDP0016,AAGACTATAG
A,A03,UDP0017,GAGAATGGTT,UDP0017,TCGGCAGCAA
A,B03,UDP0018,AGAGGCAACC,UDP0018,CTAATGATGG
A,C03,UDP0019,CCATCATTAG,UDP0019,GGTTGCCTCT
A,D03,UDP0020,GATAGGCCGA,UDP0020,CGCACATGGC
A,E03,UDP0021,ATGGTTGACT,UDP0021,GGCCTGTCCT
A,F03,UDP0022,TATTGCGCTC,UDP0022,CTGTGTTAGG
A,G03,UDP0023,ACGCCTTGTT,UDP0023,TAAGGAACGT
A,H03,UDP0024,TTCTACATAC,UDP0024,CTAACTGTAA
A,A04,UDP0025,AACCATAGAA,UDP0025,GGCGAGATGG
A,B04,UDP0026,GGTTGCGAGG,UDP0026,AATAGAGCAA
A,C04,UDP0027,TAAGCATCCA,UDP0027,TCAATCCATT
A,D04,UDP0028,ACCACGACAT,UDP0028,TCGTATGCGG
A,E04,UDP0029,GCCGCACTCT,UDP0029,TCCGACCTCG
A,F04,UDP0030,CCACCAGGCA,UDP0030,CTTATGGAAT
A,G04,UDP0031,GTGACACGCA,UDP0031,GCTTACGGAC
A,H04,UDP0032,ACAGTGTATG,UDP0032,GAACATACGG
A,A05,UDP0033,TGATTATACG,UDP0033,GTCGATTACA
A,B05,UDP0034,CAGCCGCGTA,UDP0034,ACTAGCCGTG
A,C05,UDP0035,GGTAACTCGC,UDP0035,AAGTTGGTGA
A,D05,UDP0036,ACCGGCCGTA,UDP0036,TGGCAATATT
A,E05,UDP0037,TGTAATCGAC,UDP0037,GATCACCGCG
A,F05,UDP0038,GTGCAGACAG,UDP0038,TACCATCCGT
A,G05,UDP0039,CAATCGGCTG,UDP0039,GCTGTAGGAA
A,H05,UDP0040,TATGTAGTCA,UDP0040,CGCACTAATG
A,A06,UDP0041,ACTCGGCAAT,UDP0041,GACAACTGAA
A,B06,UDP0042,GTCTAATGGC,UDP0042,AGTGGTCAGG
A,C06,UDP0043,CCATCTCGCC,UDP0043,TTCTATGGTT
A,D06,UDP0044,CTGCGAGCCA,UDP0044,AATCCGGCCA
A,E06,UDP0045,CGTTATTCTA,UDP0045,CCATAAGGTT
A,F06,UDP0046,AGATCCATTA,UDP0046,ATCTCTACCA
A,G06,UDP0047,GTCCTGGATA,UDP0047,CGGTGGCGAA
A,H06,UDP0048,CAGTGGCACT,UDP0048,TAACAATAGG
A,A07,UDP0049,AGTGTTGCAC,UDP0049,CTGGTACACG
A,B07,UDP0050,GACACCATGT,UDP0050,TCAACGTGTA
A,C07,UDP0051,CCTGTCTGTC,UDP0051,ACTGTTGTGA
A,D07,UDP0052,TGATGTAAGA,UDP0052,GTGCGTCCTT
A,E07,UDP0053,GGAATTGTAA,UDP0053,AGCACATCCT
A,F07,UDP0054,GCATAAGCTT,UDP0054,TTCCGTCGCA
A,G07,UDP0055,CTGAGGAATA,UDP0055,CTTAACCACT
A,H07,UDP0056,AACGCACGAG,UDP0056,GCCTCGGATA
A,A08,UDP0057,TCTATCCTAA,UDP0057,CGTCGACTGG
A,B08,UDP0058,CTCGCTTCGG,UDP0058,TACTAGTCAA
A,C08,UDP0059,CTGTTGGTCC,UDP0059,ATAGACCGTT
A,D08,UDP0060,TTACCTGGAA,UDP0060,ACAGTTCCAG
A,E08,UDP0061,TGGCTAATCA,UDP0061,AGGCATGTAG
A,F08,UDP0062,AACACTGTTA,UDP0062,GCAAGTCTCA
A,G08,UDP0063,ATTGCGCGGT,UDP0063,TTGGCTCCGC
A,H08,UDP0064,TGGCGCGAAC,UDP0064,AACTGATACT
A,A09,UDP0065,TAATGTGTCT,UDP0065,GTAAGGCATA
A,B09,UDP0066,ATACCAACGC,UDP0066,AATTGCTGCG
A,C09,UDP0067,AGGATGTGCT,UDP0067,TTACAATTCC
A,D09,UDP0068,CACGGAACAA,UDP0068,AACCTAGCAC
A,E09,UDP0069,TGGAGTACTT,UDP0069,TCTGTGTGGA
A,F09,UDP0070,GTATTGACGT,UDP0070,GGAATTCCAA
A,G09,UDP0071,CTTGTACACC,UDP0071,AAGCGCGCTT
A,H09,UDP0072,ACACAGGTGG,UDP0072,TGAGCGTTGT
A,A10,UDP0073,CCTGCGGAAC,UDP0073,ATCATAGGCT
A,B10,UDP0074,TTCATAAGGT,UDP0074,TGTTAGAAGG
A,C10,UDP0075,CTCTGCAGCG,UDP0075,GATGGATGTA
A,D10,UDP0076,CTGACTCTAC,UDP0076,ACGGCCGTCA
A,E10,UDP0077,TCTGGTATCC,UDP0077,CGTTGCTTAC
A,F10,UDP0078,CATTAGTGCG,UDP0078,TGACTACATA
A,G10,UDP0079,ACGGTCAGGA,UDP0079,CGGCCTCGTT
A,H10,UDP0080,GGCAAGCCAG,UDP0080,CAAGCATCCG
A,A11,UDP0081,TGTCGCTGGT,UDP0081,TCGTCTGACT
A,B11,UDP0082,ACCGTTACAA,UDP0082,CTCATAGCGA
A,C11,UDP0083,TATGCCTTAC,UDP0083,AGACACATTA
A,D11,UDP0084,ACAAGTGGAC,UDP0084,GCGCGATGTT
A,E11,UDP0085,TGGTACCTAA,UDP0085,CATGAGTACT
A,F11,UDP0086,TTGGAATTCC,UDP0086,ACGTCAATAC
A,G11,UDP0087,CCTCTACATG,UDP0087,GATACCTCCT
A,H11,UDP0088,GGAGCGTGTA,UDP0088,ATCCGTAAGT
A,A12,UDP0089,GTCCGTAAGC,UDP0089,CGTGTATCTT
A,B12,UDP0090,ACTTCAAGCG,UDP0090,GAACCATGAA
A,C12,UDP0091,TCAGAAGGCG,UDP0091,GGCCATCATA
A,D12,UDP0092,GCGTTGGTAT,UDP0092,ACATACTTCC
A,E12,UDP0093,ACATATCCAG,UDP0093,TATGTGCAAT
A,F12,UDP0094,TCATAGATTG,UDP0094,GATTAAGGTG
A,G12,UDP0095,GTATTCCACC,UDP0095,ATGTAGACAA
A,H12,UDP0096,CCTCCGTCCA,UDP0096,CACATCGGTG
