Index_Set,Index_Plate_Well,Index,Index2
A,A01,GAACTGAGCG,TCGTGGAGCG
A,B01,AGGTCAGATA,CTACAAGATA
A,C01,CGTCTCATAT,TATAGTAGCT
A,D01,ATTCCATAAG,TGCCTGGTGG
A,E01,GACGAGATTA,ACATTATCCT
A,F01,AACATCGCGC,GTCCACTTGT
A,G01,CTAGTGCTCT,TGGAACAGTA
A,H01,GATCAAGGCA,CCTTGTTAAT
A,A02,GACTGAGTAG,GTTGATAGTG
A,B02,AGTCAGACGA,ACCAGCGACA
A,C02,CCGTATGTTC,CATACACTGT
A,D02,GAGTCATAGG,GTGTGGCGCT
A,E02,CTTGCCATTA,ATCACGAAGG
A,F02,GAAGCGGCAC,CGGCTCTACT
A,G02,TCCATTGCCG,GAATGCACGA
A,H02,CGGTTACGGC,AAGACTATAG
A,A03,GAGAATGGTT,TCGGCAGCAA
A,B03,AGAGGCAACC,CTAATGATGG
A,C03,CCATCATTAG,GGTTGCCTCT
A,D03,GATAGGCCGA,CGCACATGGC
A,E03,ATGGTTGACT,GGCCTGTCCT
A,F03,TATTGCGCTC,CTGTGTTAGG
A,G03,ACGCCTTGTT,TAAGGAACGT
A,H03,TTCTACATAC,CTAACTGTAA
A,A04,AACCATAGAA,GGCGAGATGG
A,B04,GGTTGCGAGG,AATAGAGCAA
A,C04,TAAGCATCCA,TCAATCCATT
A,D04,ACCACGACAT,TCGTATGCGG
A,E04,GCCGCACTCT,TCCGACCTCG
A,F04,CCACCAGGCA,CTTATGGAAT
A,G04,GTGACACGCA,GCTTACGGAC
A,H04,ACAGTGTATG,GAACATACGG
A,A05,TGATTATACG,GTCGATTACA
A,B05,CAGCCGCGTA,ACTAGCCGTG
A,C05,GGTAACTCGC,AAGTTGGTGA
A,D05,ACCGGCCGTA,TGGCAATATT
A,E05,TGTAATCGAC,GATCACCGCG
A,F05,GTGCAGACAG,TACCATCCGT
A,G05,CAATCGGCTG,GCTGTAGGAA
A,H05,TATGTAGTCA,CGCACTAATG
A,A06,ACTCGGCAAT,GACAACTGAA
A,B06,GTCTAATGGC,AGTGGTCAGG
A,C06,CCATCTCGCC,TTCTATGGTT
A,D06,CTGCGAGCCA,AATCCGGCCA
A,E06,CGTTATTCTA,CCATAAGGTT
A,F06,AGATCCATTA,ATCTCTACCA
A,G06,GTCCTGGATA,CGGTGGCGAA
A,H06,CAGTGGCACT,TAACAATAGG
A,A07,AGTGTTGCAC,CTGGTACACG
A,B07,GACACCATGT,TCAACGTGTA
A,C07,CCTGTCTGTC,ACTGTTGTGA
A,D07,TGATGTAAGA,GTGCGTCCTT
A,E07,GGAATTGTAA,AGCACATCCT
A,F07,GCATAAGCTT,TTCCGTCGCA
A,G07,CTGAGGAATA,CTTAACCACT
A,H07,AACGCACGAG,GCCTCGGATA
A,A08,TCTATCCTAA,CGTCGACTGG
A,B08,CTCGCTTCGG,TACTAGTCAA
A,C08,CTGTTGGTCC,ATAGACCGTT
A,D08,TTACCTGGAA,ACAGTTCCAG
A,E08,TGGCTAATCA,AGGCATGTAG
A,F08,AACACTGTTA,GCAAGTCTCA
A,G08,ATTGCGCGGT,TTGGCTCCGC
A,H08,TGGCGCGAAC,AACTGATACT
A,A09,TAATGTGTCT,GTAAGGCATA
A,B09,ATACCAACGC,AATTGCTGCG
A,C09,AGGATGTGCT,TTACAATTCC
A,D09,CACGGAACAA,AACCTAGCAC
A,E09,TGGAGTACTT,TCTGTGTGGA
A,F09,GTATTGACGT,GGAATTCCAA
A,G09,CTTGTACACC,AAGCGCGCTT
A,H09,ACACAGGTGG,TGAGCGTTGT
A,A10,CCTGCGGAAC,ATCATAGGCT
A,B10,TTCATAAGGT,TGTTAGAAGG
A,C10,CTCTGCAGCG,GATGGATGTA
A,D10,CTGACTCTAC,ACGGCCGTCA
A,E10,TCTGGTATCC,CGTTGCTTAC
A,F10,CATTAGTGCG,TGACTACATA
A,G10,ACGGTCAGGA,CGGCCTCGTT
A,H10,GGCAAGCCAG,CAAGCATCCG
A,A11,TGTCGCTGGT,TCGTCTGACT
A,B11,ACCGTTACAA,CTCATAGCGA
A,C11,TATGCCTTAC,AGACACATTA
A,D11,ACAAGTGGAC,GCGCGATGTT
A,E11,TGGTACCTAA,CATGAGTACT
A,F11,TTGGAATTCC,ACGTCAATAC
A,G11,CCTCTACATG,GATACCTCCT
A,H11,GGAGCGTGTA,ATCCGTAAGT
A,A12,GTCCGTAAGC,CGTGTATCTT
A,B12,ACTTCAAGCG,GAACCATGAA
A,C12,TCAGAAGGCG,GGCCATCATA
A,D12,GCGTTGGTAT,ACATACTTCC
A,E12,ACATATCCAG,TATGTGCAAT
A,F12,TCATAGATTG,GATTAAGGTG
A,G12,GTATTCCACC,ATGTAGACAA
A,H12,CCTCCGTCCA,CACATCGGTG
B,A01,TGCCGGTCAG,CCTGATACAA
B,B01,CACTCAATTC,TTAAGTTGTG
B,C01,TCTCACACGC,CGGACAGTGA
B,D01,TCAATGGAGA,GCACTACAAC
B,E01,ATATGCATGT,TGGTGCCTGG
B,F01,ATGGCGCCTG,TCCACGGCCT
B,G01,TCCGTTATGT,TTGTAGTGTA
B,H01,GGTCTATTAA,CCACGACACG
B,A02,CAGCAATCGT,TGTGATGTAT
B,B02,TTCTGTAGAA,GAGCGCAATA
B,C02,GAACGCAATA,ATCTTACTGT
B,D02,AGTACTCATG,ATGTCGTGGT
B,E02,GGTAGAATTA,GTAGCCATCA
B,F02,TAATTAGCGT,TGGTTAAGAA
B,G02,ATTAACAAGG,TGTTGTTCGT
B,H02,TGATGGCTAC,CCAACAACAT
B,A03,GAATTACAAG,ACCGGCTCAG
B,B03,TAGAATTGGA,GTTAATCTGA
B,C03,AGGCAGCTCT,CGGCTAACGT
B,D03,ATCGGCGAAG,TCCAAGAATT
B,E03,CCGTGACCGA,CCGAACGTTG
B,F03,ATACTTGTTC,TAACCGCCGA
B,G03,TCCGCCAATT,CTCCGTGCTG
B,H03,AGGACAGGCC,CATTCCAGCT
B,A04,AGAGAACCTA,GGTTATGCTA
B,B04,GATATTGTGT,ACCACACGGT
B,C04,CGTACAGGAA,TAGGTTCTCT
B,D04,CTGCGTTACC,TATGGCTCGA
B,E04,AGGCCGTGGA,CTCGTGCGTT
B,F04,AGGAGGTATC,CCAGTTGGCA
B,G04,GCTGACGTTG,TGTTCGCATT
B,H04,CTAATAACCG,AACCGCATCG
B,A05,TCTAGGCGCG,CGAAGGTTAA
B,B05,ATAGCCAAGA,AGTGCCACTG
B,C05,TTCGGTGTGA,GAACAAGTAT
B,D05,ATGTAACGTT,ACGATTGCTG
B,E05,AACGAGGCCG,ATACCTGGAT
B,F05,TGGTGTTATG,TCCAATTCTA
B,G05,TGGCCTCTGT,TGAGACAGCG
B,H05,CCAGGCACCA,ACGCTAATTA
B,A06,CCGGTTCCTA,TATATTCGAG
B,B06,GGCCAATATT,CGGTCCGATA
B,C06,GAATACCTAT,ACAATAGAGT
B,D06,TACGTGAAGG,CGGTTATTAG
B,E06,CTTATTGGCC,GATAACAAGT
B,F06,ACAACTACTG,AGTTATCACA
B,G06,GTTGGATGAA,TTCCAGGTAA
B,H06,AATCCAATTG,CATGTAGAGG
B,A07,TATGATGGCC,GATTGTCATA
B,B07,CGCAGCAATT,ATTCCGCTAT
B,C07,ACGTTCCTTA,GACCGCTGTG
B,D07,CCGCGTATAG,TAGGAACCGG
B,E07,GATTCTGAAT,AGCGGTGGAC
B,F07,TAGAGAATAC,TATAGATTCG
B,G07,TTGTATCAGG,ACAGAGGCCA
B,H07,CACAGCGGTC,ATTCCTATTG
B,A08,CCACGCTGAA,TATTCCTCAG
B,B08,GTTCGGAGTT,CGCCTTCTGA
B,C08,ATAGCGGAAT,GCGCAGAGTA
B,D08,GCAATATTCA,GGCGCCAATT
B,E08,CTAGATTGCG,AGATATGGCG
B,F08,CGATGCGGTT,CCTGCTTGGT
B,G08,TCCGGACTAG,GACGAACAAT
B,H08,GTGACGGAGC,TGGCGGTCCA
B,A09,AATTCCATCT,CTTCAGTTAC
B,B09,TTAACGGTGT,TCCTGACCGT
B,C09,ACTTGTTATC,CGCGCCTAGA
B,D09,CGTGTACCAG,AGGATAAGTT
B,E09,TTAACCTTCG,AGGCCAGACA
B,F09,CATATGCGAT,CCTTGAACGG
B,G09,AGCCTATGAT,CACCACCTAC
B,H09,TATGACAATC,TTGCTTGTAT
B,A10,ATGTTGTTGG,CAATCTATGA
B,B10,GCACCACCAA,TGGTACTGAT
B,C10,AGGCGTTCGC,TTCATCCAAC
B,D10,CCTCCGGTTG,CATAACACCA
B,E10,GTCCACCGCT,TCCTATTAGC
B,F10,ATTGTTCGTC,TCTCTAGATT
B,G10,GGACCAGTGG,CGCGAGCCTA
B,H10,CCTTCTAACA,GATAAGCTCT
B,A11,CTCGAATATA,GAGATGTCGA
B,B11,GATCGTCGCG,CTGGATATGT
B,C11,TATCCGAGGC,GGCCAATAAG
B,D11,CGCTGTCTCA,ATTACTCACC
B,E11,AATGCGAACA,AATTGGCGGA
B,F11,AATTCTTGGA,TTGTCAACTT
B,G11,TTCCTACAGC,GGCGAATTCT
B,H11,ATCCAGGTAT,CAACGTCAGC
B,A12,ACGGTCCAAC,TCTTACATCA
B,B12,GTAACTTGGT,CGCCATACCT
B,C12,AGCGCCACAC,CTAATGTCTT
B,D12,TGCTACTGCC,CAACCGGAGG
B,E12,CAACACCGCA,GGCAGTAGCA
B,F12,CACCTTAATC,TTAGGATAGA
B,G12,TTGAATGTTG,CGCAATCTAG
B,H12,CCGGTAACAC,GAGTTGTACT
